0.559838,
0.542098,
0.334173,
0.241555,
0.340492,
0.273909,
0.276256,
0.246231,
0.24319,
0.321989,
0.311562,
0.219791,
0.239195,
0.251306,
0.194916,
0.275748,
0.547188,
0.563553,
0.718099,
0.69565,
0.386732,
0.675286,
0.729575,
0.848796,
0.604798,
0.389153,
0.496175,
0.52158,
0.920642,
0.458174,
0.417879,
0.519833,
0.577084,
0.442983,
0.280201,
0.243632,
0.271982,
0.233974,
0.246693,
0.344076,
0.245076,
0.232306,
0.305157,
0.300409,
0.24324,
0.257819,
0.197782,
0.239563,
0.229345,
0.271077,
0.324116,
0.303104,
0.470797,
0.350918,
0.299915,
0.270189,
0.288145,
0.250012,
0.369673,
0.586225,
0.422651,
0.619392,
0.661719,
0.24929,
0.241274,
0.28072,
0.253372,
0.217373,
0.392924,
0.248548,
0.239992,
0.239246,
0.526033,
0.672007,
0.502128,
0.611792,
0.225796,
0.646193,
0.434683,
0.531071,
0.488832,
0.510574,
0.804578,
0.8485,
0.531805,
0.836517,
0.848912,
0.315188,
0.386645,
0.36842,
0.412071,
0.0574971,
0.339087,
0.343402,
0.815999,
0.607878,
0.952015,
0.233365,
0.287838,
0.982987,
0.89283,
0.375859,
0.450091,
0.368182,
0.359384,
0.622186,
0.365503,
0.507386,
0.32154,
0.436545,
0.599527,
0.558752,
0.585876,
0.394873,
0.661697,
0.408765,
0.419093,
0.398183,
0.442771,
0.44691,
0.3812,
0.31995,
0.500946,
0.448939,
0.406085,
0.35202,
0.353718,
0.489781,
0.482425,
0.359154,
0.375491,
0.278838,
0.327339,
0.430294,
0.352225,
0.368988,
0.399231,
0.322579,
0.286798,
0.44087,
0.344379,
0.344729,
0.326379,
0.430492,
0.437785,
0.438586,
0.395306,
0.330444,
0.458302,
0.438521,
0.501099,
0.386855,
0.370417,
0.358008,
0.540436,
0.243011,
0.371456,
0.369248,
0.416471,
0.349405,
0.508171,
0.384731,
0.322489,
0.388255,
0.375688,
0.37613,
0.323877,
0.432525,
0.481557,
0.451578,
0.479401,
0.424425,
0.430791,
0.483148,
0.436058,
0.467004,
0.476134,
0.761343,
0.453976,
0.353753,
0.446126,
0.388525,
0.400366,
0.475977,
0.823253,
0.485223,
0.687134,
0.442672,
0.348043,
0.407696,
0.624868,
0.494703,
0.505129,
0.469228,
0.272956,
0.421606,
0.50868,
0.362056,
0.338556,
0.488624,
0.33792,
0.416283,
0.400165,
0.361675,
0.483256,
0.129704,
0.235248,
0.199615,
0.0879846,
0.11574,
0.126523,
0.121794,
0.167842,
0.151573,
0.0627977,
0.212017,
0.157708,
0.17614,
0.16618,
0.171541,
0.174259,
0.122611,
0.186904,
0.136004,
0.149786,
0.1723,
0.156087,
0.158175,
0.265255,
0.155044,
0.121636,
0.170244,
0.180505,
0.220362,
0.166075,
0.140746,
0.131484,
0.131847,
0.135615,
0.139121,
0.148169,
0.154297,
0.250391,
0.170833,
0.181148,
0.218855,
0.205947,
0.197837,
0.134145,
0.216395,
0.148068,
0.273302,
0.305332,
0.395954,
0.281258,
0.303532,
0.301305,
0.388749,
0.37855,
0.25911,
0.331696,
0.336837,
0.230965,
0.395843,
0.373539,
0.177534,
0.268832,
0.364724,
0.39649,
0.387742,
0.402222,
0.336577,
0.312182,
0.375609,
0.425836,
0.556704,
0.510899,
0.492098,
0.399983,
0.43036,
0.348782,
0.500012,
0.285671,
0.375569,
0.32065,
0.33444,
0.435829,
0.39468,
0.346945,
0.382137,
0.376253,
0.395181,
0.562328,
0.46687,
0.548578,
0.550937,
0.516171,
0.382977,
0.464166,
0.888098,
0.497176,
0.614822,
0.725551,
0.565899,
0.803626,
1.02055,
0.755875,
0.905117,
0.627924,
0.812634,
0.315362,
0.762178,
0.743734,
0.758359,
0.293103,
0.936553,
0.907856,
0.838254,
0.364619,
0.476813,
0.893775,
0.690538,
0.312504,
0.41204,
0.580958,
0.454557,
0.493099,
0.468059,
0.354075,
0.421164,
0.416649,
0.372566,
0.467163,
0.430583,
0.445638,
0.393757,
0.401461,
0.553793,
0.227222,
0.412045,
0.389066,
0.247137,
0.28399,
0.25028,
0.281993,
0.435555,
0.3228,
0.285988,
0.346867,
0.31611,
0.302164,
0.471083,
0.354092,
0.222759,
0.209967,
0.302254,
0.457056,
0.450435,
0.394571,
0.53153,
0.560824,
0.337454,
0.374762,
0.454435,
0.450985,
0.303222,
0.604456,
0.169653,
0.164997,
0.171389,
0.158608,
0.116392,
0.15606,
0.13992,
0.200956,
0.130606,
0.151001,
0.240423,
0.232754,
0.155691,
0.153014,
0.227948,
0.186959,
0.210433,
0.227505,
0.265331,
0.370815,
0.304716,
0.301255,
0.247071,
0.261576,
0.250581,
0.25761,
0.222218,
0.183428,
0.172121,
0.220456,
0.242693,
0.187794,
0.25273,
0.309531,
0.196389,
0.126107,
0.120889,
0.198147,
0.115296,
0.12259,
0.164225,
0.152613,
0.1542,
0.186571,
0.171014,
0.135573,
0.265873,
0.184243,
0.196679,
0.25997,
0.2139,
0.162302,
0.237044,
0.141055,
0.148821,
0.0765956,
0.154232,
0.112543,
0.138572,
0.141544,
0.127821,
0.12286,
0.248474,
0.211416,
0.261527,
0.170603,
0.275956,
0.271425,
0.17775,
0.244762,
0.153423,
0.191609,
0.187506,
0.222813,
0.251226,
0.252612,
0.202618,
0.270078,
0.23501,
0.418532,
0.274669,
0.339227,
0.303362,
0.262034,
0.252049,
0.784163,
0.437772,
0.255238,
0.242917,
0.27498,
0.239329,
0.243021,
0.244971,
0.173399,
0.172491,
0.20219,
0.192557,
0.241859,
0.291413,
0.316906,
0.301396,
0.281518,
0.226352,
0.288433,
0.317529,
0.187995,
0.181662,
0.228573,
0.190043,
0.205387,
0.229764,
0.207803,
0.241117,
0.242306,
0.184308,
0.193117,
0.173368,
0.171851,
0.145252,
0.170949,
0.164256,
0.158909,
0.142582,
0.154264,
0.279791,
0.230437,
0.168978,
0.191765,
0.164827,
0.203663,
0.179148,
0.260294,
0.291772,
0.267696,
0.212776,
0.175051,
0.201832,
0.209123,
0.184922,
0.228831,
0.226685,
0.152792,
0.177389,
0.195048,
0.167167,
0.157057,
0.185819,
0.222998,
0.23783,
0.169262,
0.215341,
0.0836493,
0.164376,
0.196219,
0.145561,
0.218092,
0.180295,
0.217907,
0.23377,
0.321593,
0.202929,
0.223881,
0.216791,
0.230426,
0.241437,
0.12732,
0.165417,
0.167345,
0.180228,
0.348996,
0.157435,
0.164692,
0.183283,
0.188402,
0.274749,
0.180078,
0.227262,
0.19531,
0.197212,
0.186145,
0.31065,
0.235332,
0.343368,
0.176974,
0.171902,
0.216966,
0.19227,
0.18437,
0.119288,
0.151969,
0.17076,
0.14516,
0.250851,
0.20603,
0.222467,
0.213241,
0.253972,
0.252659,
0.355122,
0.263583,
0.295257,
0.304813,
0.299297,
0.301393,
0.20785,
0.184333,
0.181405,
0.22271,
0.163376,
0.151916,
0.295653,
0.213608,
0.185059,
0.129362,
0.399752,
0.368651,
0.278895,
0.183608,
0.174786,
0.171593,
0.353683,
0.453662,
0.186966,
0.182872,
0.234399,
0.212346,
0.195064,
0.326086,
0.282545,
0.358613,
0.254568,
0.358442,
0.324011,
0.297898,
0.423553,
0.292354,
0.283497,
0.202806,
0.175247,
0.192963,
0.20035,
0.233593,
0.444067,
0.193521,
0.175172,
0.210098,
0.334969,
0.217175,
0.227817,
0.276647,
0.251844,
0.260317,
0.157795,
0.271049,
0.317955,
0.219463,
0.206807,
0.204353,
0.242663,
0.2955,
0.227414,
0.254192,
0.345643,
0.36107,
0.317065,
0.183404,
0.202188,
0.203305,
0.204083,
0.186327,
0.29843,
0.13126,
0.311187,
0.321168,
0.242956,
0.217814,
0.217866,
0.198,
0.176618,
0.249988,
0.187197,
0.220299,
0.282876,
0.270077,
0.250889,
0.272688,
0.316334,
0.316128,
0.244655,
0.226111,
0.251814,
0.331115,
0.0695582,
0.116886,
0.0776916,
0.106472,
0.100428,
0.520229,
0.43449,
0.662497,
0.321314,
0.39884,
0.405712,
0.370415,
0.464085,
0.301232,
0.305541,
0.329752,
0.264465,
0.206953,
0.371199,
0.256395,
0.246288,
0.258087,
0.504908,
0.328139,
0.37723,
0.391973,
0.424971,
0.437723,
0.352625,
0.759143,
0.625843,
0.796601,
0.61539,
0.42489,
0.431786,
0.447364,
0.556298,
0.511735,
0.673629,
0.590741,
0.446705,
0.450338,
0.603936,
0.528194,
0.230434,
0.541526,
0.381465,
0.414523,
0.446937,
0.630184,
0.413717,
0.353649,
0.400584,
0.459665,
0.356999,
0.371141,
0.30538,
0.510216,
0.340044,
0.384046,
0.245906,
0.357919,
0.541178,
0.455278,
0.375892,
0.327502,
0.308656,
0.32251,
0.27966,
0.267447,
0.323788,
0.268324,
0.469534,
0.519759,
0.397875,
0.452313,
0.334377,
0.43941,
0.547467,
0.34103,
0.281753,
0.377014,
0.420426,
0.458734,
0.62249,
0.409088,
0.54646,
0.58281,
0.289468,
0.3277,
0.430651,
0.520291,
0.505628,
0.521485,
0.463926,
0.326904,
0.354897,
0.348218,
0.364447,
0.340263,
0.256861,
0.228753,
0.558371,
0.46065,
0.381459,
0.513852,
0.434904,
0.467042,
0.399524,
0.345544,
0.445204,
0.507943,
0.453993,
0.410762,
0.485323,
0.477779,
0.30719,
0.569433,
0.546132,
0.408211,
0.400741,
0.522826,
0.611155,
0.377338,
0.579784,
0.384908,
0.507362,
0.557388,
0.62322,
0.877218,
0.487302,
0.809086,
0.84679,
0.96985,
0.438277,
0.875107,
0.578769,
0.975306,
0.653216,
0.390429,
0.640032,
0.641935,
0.577178,
0.956993,
1.03101,
0.700988,
0.487715,
0.334292,
0.403589,
0.321464,
0.467875,
0.383837,
0.257399,
0.399556,
0.438081,
0.365214,
0.296351,
0.263116,
0.246804,
0.493017,
0.377278,
0.32574,
0.283693,
0.354416,
0.395027,
0.326326,
0.589174,
0.392104,
0.43199,
0.837928,
0.662589,
0.535232,
0.424003,
0.436717,
0.316161,
0.40653,
0.373341,
0.313784,
0.311007,
0.322814,
0.359986,
0.300354,
0.396517,
0.463968,
0.620818,
0.338957,
0.303792,
1.04516,
0.493399,
0.71171,
0.682258,
0.444294,
0.324887,
0.385453,
0.443557,
0.36821,
0.471393,
0.346594,
0.424876,
0.308966,
0.32186,
0.242862,
0.25786,
0.255529,
0.232509,
0.288648,
0.267065,
0.290582,
0.263925,
0.317362,
0.31847,
0.260913,
0.243762,
0.230389,
0.283473,
0.225796,
0.275782,
0.209039,
0.223375,
0.225167,
0.346373,
0.223551,
0.22829,
0.271078,
0.25898,
0.273697,
0.27249,
0.233581,
0.283092,
0.222151,
0.46234,
0.262776,
0.359522,
0.294475,
0.279324,
0.318464,
0.314821,
0.277931,
0.302188,
0.240126,
0.262363,
1.05416,
0.365685,
0.278711,
0.439386,
0.29906,
0.415123,
0.281551,
0.355941,
0.315946,
0.336325,
0.295564,
0.653937,
0.520759,
0.838761,
0.543587,
0.398768,
0.529349,
0.502646,
0.67222,
0.537806,
0.502675,
0.483109,
0.576595,
0.487022,
0.537047,
0.465957,
0.422774,
0.500485,
0.328965,
0.448159,
0.356765,
0.327876,
0.291585,
0.36337,
0.341356,
0.370174,
0.310069,
0.2754,
0.315261,
0.324791,
0.38651,
0.266244,
0.252858,
0.34365,
0.267324,
0.270815,
0.33735,
0.241614,
0.310177,
0.293212,
0.320197,
0.264085,
0.285229,
0.246422,
0.272178,
0.273323,
0.228414,
0.223933,
0.220995,
0.251012,
0.216659,
0.189173,
0.22608,
0.261623,
0.211199,
0.220505,
0.233217,
0.251138,
0.263556,
0.271182,
0.306836,
0.265674,
0.293109,
0.25912,
0.245033,
0.290876,
0.232931,
0.35297,
0.292423,
0.25895,
0.278802,
0.285534,
0.242523,
0.24304,
0.301507,
0.449532,
0.399876,
0.338599,
0.28046,
0.321056,
0.371089,
0.301466,
0.318201,
0.740797,
0.538976,
0.277526,
0.383789,
0.337663,
0.219657,
0.565326,
0.357602,
0.295801,
0.250188,
0.24546,
0.281846,
0.345407,
0.440775,
0.551577,
0.351504,
0.287154,
0.372092,
0.48293,
0.245362,
0.249038,
0.226932,
0.212488,
0.235413,
0.24805,
0.276286,
0.239302,
0.252949,
0.228095,
0.270127,
0.245572,
0.26327,
0.267966,
0.291468,
0.378631,
0.257394,
0.229773,
0.268942,
0.258925,
0.16868,
0.221329,
0.216466,
0.235287,
1.05828,
0.936468,
0.975008,
0.90717,
1.0307,
0.884763,
0.894868,
0.91328,
0.902015,
0.28405,
0.276057,
0.333753,
0.531371,
0.591839,
0.80549,
0.867171,
0.47029,
0.478782,
0.260895,
0.731439,
1.04743,
0.564786,
0.481415,
0.796363,
0.962952,
1.01667,
0.642912,
0.50964,
0.50891,
0.411938,
0.452981,
0.42176,
0.613673,
0.590636,
0.368538,
0.47489,
0.443044,
0.454075,
0.408307,
0.615604,
0.577468,
0.62588,
0.595948,
0.449406,
0.525672,
0.672889,
0.574677,
0.937319,
0.363372,
0.435257,
0.444365,
0.941311,
0.568649,
0.571943,
0.67575,
0.541168,
0.353327,
0.714543,
0.853464,
0.72204,
0.610648,
0.705596,
0.721452,
0.703522,
0.505802,
0.758259,
0.348365,
0.429811,
0.276855,
0.308009,
0.562169,
0.400601,
0.384639,
0.33247,
0.375931,
0.358735,
0.33199,
0.264209,
0.379202,
0.270337,
0.369353,
0.413535,
0.361218,
0.581062,
0.390744,
0.31658,
0.411119,
0.528473,
0.697854,
0.538023,
0.52463,
0.366311,
0.573985,
0.800941,
0.445221,
0.470291,
0.645252,
0.799376,
0.510139,
0.635419,
0.368264,
0.829755,
0.418042,
0.509652,
0.836608,
0.464428,
0.61196,
0.597944,
0.65512,
0.596401,
0.368272,
0.451639,
0.34129,
0.491483,
0.447771,
0.355944,
0.367493,
0.275233,
0.300697,
0.285173,
0.306621,
0.239729,
0.262629,
0.450529,
0.368935,
0.760556,
0.393077,
0.421938,
0.299684,
0.372945,
0.385185,
0.346668,
0.617832,
0.457489,
0.352021,
0.493062,
0.509096,
0.498656,
0.344161,
0.601095,
0.610609,
0.302124,
0.407714,
0.24501,
0.225127,
0.366859,
0.665248,
0.333894,
0.347365,
0.339767,
0.389833,
0.276476,
0.332802,
0.376146,
0.335818,
0.313361,
0.372624,
0.270186,
0.24517,
0.258569,
0.225616,
0.295231,
0.254578,
0.209168,
0.211398,
0.237044,
0.23238,
0.242316,
0.225566,
0.418571,
0.362747,
0.414521,
0.493119,
0.32324,
0.357816,
0.329986,
0.309521,
0.257345,
0.211097,
0.259449,
0.239245,
0.2699,
0.242256,
0.293789,
0.276183,
0.366332,
0.509314,
0.355182,
0.336132,
0.464866,
0.901744,
0.555738,
0.475268,
0.397127,
0.458828,
0.466425,
0.918749,
0.39009,
0.244034,
0.286153,
0.281116,
0.326234,
0.262845,
0.199488,
0.323499,
0.276984,
0.289511,
0.36919,
0.363831,
0.44628,
0.554967,
0.326917,
0.356889,
0.370002,
0.440018,
0.292536,
0.432172,
0.211552,
0.354535,
0.325703,
0.287276,
0.632872,
0.527443,
0.597094,
0.456214,
0.409058,
0.577975,
0.51608,
0.485072,
0.462572,
0.407431,
0.407141,
0.477329,
0.484097,
0.654077,
0.235384,
0.376699,
0.400543,
0.240216,
0.43068,
0.33044,
0.584031,
0.695843,
0.400421,
0.400248,
0.33511,
0.323798,
0.335974,
0.255297,
0.308137,
0.353765,
0.272644,
0.257856,
0.293432,
0.224752,
0.237628,
0.216264,
0.257088,
0.208871,
0.311614,
0.258298,
0.283079,
0.211902,
0.219444,
0.746885,
0.306476,
0.712495,
0.90591,
1.00857,
0.223091,
0.689887,
0.691816,
0.510713,
0.361659,
0.319334,
0.288974,
0.613721,
0.689892,
0.314448,
0.245643,
0.205182,
0.298361,
0.32902,
0.280257,
0.338515,
0.321403,
0.364565,
0.450398,
0.34051,
0.245379,
0.57344,
0.349368,
0.462427,
0.784086,
1.01224,
0.713186,
0.876962,
0.479626,
0.655068,
1.0093,
1.02388,
0.525091,
0.650468,
0.669388,
0.688712,
0.4044,
0.511227,
0.336155,
0.341294,
0.302951,
0.295749,
0.358096,
0.353334,
0.31302,
0.292727,
0.310097,
0.287968,
0.262439,
0.408186,
0.383027,
0.382495,
0.533729,
0.271366,
0.275344,
0.312989,
0.249411,
0.239668,
0.237561,
0.276526,
0.570509,
0.577486,
0.435033,
0.824992,
0.69918,
0.326711,
0.264638,
0.363345,
0.262939,
0.568535,
0.348245,
0.289655,
0.284883,
0.425878,
0.476802,
0.641915,
0.480634,
0.444373,
0.331913,
0.432362,
0.311019,
0.380038,
0.350618,
0.39812,
0.294732,
0.419037,
0.326294,
0.352303,
0.421036,
0.305311,
0.365343,
0.286779,
0.3468,
0.360067,
0.360159,
0.341069,
0.369569,
0.423263,
0.466976,
0.539069,
0.406742,
0.326156,
0.443024,
0.460782,
0.507876,
0.426096,
0.378947,
0.377635,
0.490111,
0.449293,
0.27268,
0.285557,
0.331285,
0.347362,
0.289259,
0.377544,
0.240684,
0.228977,
0.243878,
0.259649,
0.250477,
0.331767,
0.240819,
0.241976,
0.289094,
0.224055,
0.232631,
0.21429,
0.269615,
0.269863,
0.221391,
0.201517,
0.286285,
0.25685,
0.334332,
0.364694,
0.262357,
0.284992,
0.267786,
0.29929,
0.277765,
0.278029,
0.281322,
0.319076,
0.253292,
0.283382,
0.210341,
0.346618,
0.327487,
0.259344,
0.266176,
0.2895,
0.276739,
0.279115,
0.264095,
0.264042,
0.290177,
0.234582,
0.236923,
0.286127,
0.233741,
0.274675,
0.262823,
0.235259,
0.22081,
0.235748,
0.200079,
0.255901,
0.261888,
0.292752,
0.242663,
0.252845,
0.373296,
0.310217,
0.361782,
0.297535,
0.271765,
0.383509,
0.351953,
0.302282,
0.230414,
0.232258,
0.331513,
0.232153,
0.291261,
0.269721,
0.279309,
0.236353,
0.314634,
0.304037,
0.426052,
0.259308,
0.263318,
0.258819,
0.234544,
0.243843,
0.289824,
0.336829,
0.291081,
0.379054,
0.262105,
0.573607,
0.32676,
0.317661,
0.629137,
0.374438,
0.551435,
0.483915,
0.376721,
0.498667,
0.349122,
0.37292,
0.311744,
0.458243,
0.486308,
0.583805,
0.446955,
0.418065,
0.442299,
0.434333,
0.535355,
0.385979,
0.323544,
0.4552,
0.410204,
0.468409,
0.453606,
0.450542,
0.375892,
0.346694,
0.312599,
0.444994,
0.392036,
0.303552,
0.377553,
0.481166,
0.444692,
0.377443,
0.229411,
0.880093,
0.347898,
0.37982,
0.373492,
0.460937,
0.385663,
0.521092,
0.463316,
0.482268,
0.643898,
0.481836,
0.553292,
0.370176,
0.359209,
0.338782,
0.415879,
0.351777,
0.57954,
0.236481,
0.273122,
0.538558,
0.534099,
0.355529,
0.505302,
0.453878,
0.364179,
0.493676,
0.589213,
0.476168,
0.43676,
0.46655,
0.435995,
0.54224,
0.247149,
0.486224,
0.346333,
0.512029,
0.859799,
0.589215,
0.492848,
0.616547,
0.465263,
0.482206,
0.347439,
0.546493,
0.370952,
0.277622,
0.365702,
0.544852,
0.464324,
0.378063,
0.243111,
0.362159,
0.469909,
0.230912,
0.470757,
0.4227,
0.736639,
0.446444,
0.572997,
0.440922,
0.447574,
0.455054,
0.484058,
0.657758,
0.487232,
0.422308,
0.381713,
0.231801,
0.329656,
0.315303,
0.57759,
0.417643,
0.275437,
0.30761,
0.232032,
0.438365,
0.43787,
0.612825,
0.570105,
0.437686,
0.705002,
0.63249,
0.724303,
0.779079,
0.95924,
0.849085,
0.670232,
0.596315,
0.285041,
0.243375,
0.260885,
0.34868,
0.495618,
0.490102,
0.417226,
0.500738,
0.584708,
0.329578,
0.379695,
0.406808,
0.393149,
0.296149,
0.422612,
0.46797,
0.338039,
0.302196,
0.242356,
0.294002,
0.319275,
0.243152,
0.373745,
0.305472,
0.399543,
0.393152,
0.423445,
0.553222,
0.625164,
0.63086,
0.446868,
0.561174,
0.519306,
0.508508,
0.256544,
0.339921,
0.367212,
0.449136,
0.388011,
0.360144,
0.549667,
0.626887,
0.599447,
0.489715,
0.690862,
0.543576,
0.369846,
0.596826,
0.635278,
0.605035,
0.904228,
0.584691,
0.524486,
0.549321,
0.694109,
0.788429,
0.548922,
0.87929,
0.719544,
0.893019,
0.871682,
0.868986,
0.683862,
0.975337,
0.81659,
0.655703,
0.738768,
0.730552,
0.794623,
0.729616,
0.616722,
0.547421,
0.71651,
0.612965,
0.706842,
0.576435,
0.548153,
0.524285,
0.585847,
0.573785,
0.722416,
0.595358,
0.710488,
0.621445,
0.539686,
0.555907,
0.640146,
0.477665,
0.487584,
1.0214,
1.0252,
0.948698,
1.00429,
0.792359,
0.873449,
0.9449,
0.884753,
0.415638,
0.629742,
0.625749,
0.391918,
0.816878,
0.447205,
0.943959,
0.668358,
0.961554,
0.96887,
0.865431,
0.712525,
0.448349,
0.756656,
0.386551,
0.63014,
0.584225,
0.657317,
0.463667,
0.812257,
0.652508,
0.891143,
0.421001,
0.652998,
0.823249,
0.938788,
0.796452,
0.777414,
0.538373,
0.553985,
0.979713,
0.258403,
0.318296,
0.385109,
0.227908,
0.403074,
0.375658,
0.341771,
0.283334,
0.313668,
0.514047,
0.4832,
0.296529,
0.272915,
0.303822,
0.468269,
0.512259,
0.371992,
0.374975,
0.357527,
0.311311,
0.382773,
0.384083,
0.295113,
0.742755,
0.65998,
0.170445,
0.216257,
0.23732,
0.231093,
0.212399,
0.201882,
0.206596,
0.154789,
0.164148,
0.248895,
0.194978,
0.217936,
0.275558,
0.174886,
0.150342,
0.214363,
0.164298,
0.11644,
0.718235,
0.440597,
0.597736,
0.476206,
0.737579,
0.706684,
0.672167,
0.831896,
0.681247,
0.897649,
0.806772,
0.296806,
0.681004,
0.60606,
0.846328,
0.65145,
0.497444,
0.448367,
0.486137,
0.670765,
0.946963,
0.643171,
0.86568,
0.413823,
0.809444,
0.762355,
0.97618,
0.376308,
0.557023,
0.368854,
0.145149,
0.21373,
0.235096,
0.185811,
0.270552,
0.292864,
0.251549,
0.209915,
0.248476,
0.214964,
0.246708,
0.202789,
0.242285,
0.16864,
0.199953,
0.259158,
0.271232,
0.187291,
0.229044,
0.199405,
0.281689,
0.279763,
0.238299,
0.269207,
0.139827,
0.16272,
0.144862,
0.147728,
0.169131,
0.20906,
0.194244,
0.121036,
0.253549,
0.25752,
0.251918,
0.221003,
0.180312,
0.0306713,
0.197101,
0.233726,
0.278775,
0.209623,
0.253209,
0.430021,
0.398463,
0.290133,
0.452559,
0.363506,
0.2901,
0.4254,
0.313177,
0.344739,
0.752701,
0.363279,
0.46797,
0.317569,
0.764517,
0.746431,
0.871022,
0.652791,
0.636489,
0.546633,
0.414833,
0.463591,
0.453152,
0.522474,
0.482328,
0.507055,
0.403732,
0.415153,
0.297058,
0.226137,
0.319551,
0.265696,
0.299963,
0.294111,
0.177654,
0.299471,
0.395822,
0.455401,
0.381876,
0.265448,
0.365636,
0.395795,
0.342309,
0.304667,
0.41009,
0.404096,
0.401851,
0.304616,
0.22607,
0.266579,
0.297124,
0.417314,
0.27442,
0.236096,
0.22456,
0.284849,
0.228461,
0.238659,
0.252063,
0.254044,
0.223814,
0.259166,
0.103932,
0.20757,
0.200073,
0.198675,
0.0573205,
0.219261,
0.161178,
0.484245,
0.357499,
0.276815,
0.303484,
0.563579,
0.41764,
0.259117,
0.487438,
0.543096,
0.906138,
0.887529,
0.487163,
0.560386,
0.457346,
0.678128,
0.360533,
0.384437,
0.50094,
0.47618,
0.410974,
0.450427,
0.293677,
0.309513,
0.435718,
0.444465,
0.360868,
0.542634,
0.411148,
0.659435,
0.602,
0.345061,
0.314345,
0.418993,
0.374166,
0.318828,
0.452413,
0.299945,
0.417183,
0.437439,
0.348735,
0.382235,
0.551653,
0.385117,
0.474193,
0.64701,
0.548832,
0.541795,
0.743206,
0.489462,
0.51526,
0.365684,
0.791187,
0.676174,
0.56365,
0.401662,
0.427673,
0.61597,
0.754456,
0.481492,
0.447104,
0.390914,
0.656183,
0.479582,
0.44653,
0.547444,
0.549528,
0.438064,
0.414786,
0.424719,
0.557148,
0.513279,
0.764575,
0.475555,
0.501696,
0.582836,
0.768134,
0.459801,
0.281792,
0.376883,
0.37201,
0.597877,
0.586856,
0.99313,
0.890095,
0.540036,
0.67572,
0.364848,
0.342159,
0.318091,
0.465945,
0.749241,
0.216091,
0.619151,
0.503256,
0.488443,
0.616831,
0.357143,
0.417203,
0.535007,
0.546385,
0.64598,
0.456805,
0.518958,
0.45319,
0.564116,
0.398358,
0.404414,
0.602497,
0.918847,
0.564175,
0.814256,
0.917873,
0.8051,
0.688167,
0.530893,
0.366642,
0.476104,
0.427278,
0.410694,
0.386216,
0.378274,
0.392971,
0.395,
0.876159,
0.957234,
0.643728,
0.650675,
0.770966,
0.69171,
0.437468,
1.00753,
0.374298,
1.02429,
0.743343,
0.569967,
0.950461,
0.772835,
0.488498,
0.591884,
0.394549,
0.778447,
0.750292,
0.669634,
0.465892,
0.672444,
0.419329,
0.350997,
0.337297,
0.655878,
0.432729,
0.383567,
0.842369,
0.395744,
0.522864,
0.773223,
0.565648,
0.635981,
0.516299,
0.551581,
0.514848,
0.249716,
0.43523,
0.405158,
0.277762,
0.340007,
0.440494,
0.480859,
0.390068,
0.503962,
0.541551,
0.282721,
0.21188,
0.355818,
0.257833,
0.291798,
0.338734,
0.219745,
0.26188,
0.225404,
0.233739,
0.313736,
0.373149,
0.345421,
0.285273,
0.281889,
0.131605,
0.280429,
0.246427,
0.397859,
0.941617,
0.522201,
0.341918,
0.506574,
0.364008,
0.678801,
0.613546,
0.912209,
0.397706,
0.57189,
0.436433,
0.467784,
0.533637,
0.396756,
0.284986,
0.383362,
0.347369,
0.404056,
0.340384,
0.50136,
0.395789,
0.345048,
0.342409,
0.323474,
0.294679,
0.319178,
0.382784,
0.402468,
0.269002,
0.354696,
0.398656,
0.365154,
0.37242,
0.399738,
0.37125,
0.386303,
0.433195,
0.364937,
0.344131,
0.363971,
0.355822,
0.237442,
0.257468,
0.379649,
0.333016,
0.267818,
0.43231,
0.343349,
0.38715,
0.454377,
0.415765,
0.3949,
0.362917,
0.435047,
0.369435,
0.441769,
0.327772,
0.38955,
0.529098,
0.396058,
0.362447,
0.370223,
0.514907,
0.419675,
0.436624,
0.281117,
0.644141,
0.353504,
0.391525,
0.498923,
0.309645,
0.438527,
0.287405,
0.324022,
0.363283,
0.338731,
0.271508,
0.219857,
0.416272,
0.517217,
0.446051,
0.440593,
0.675625,
0.457536,
0.413916,
0.504308,
0.535159,
0.649646,
0.710142,
0.571105,
0.48714,
0.39417,
0.404888,
0.578572,
0.486646,
0.653012,
0.596928,
0.401577,
0.414179,
0.468649,
0.666889,
0.438344,
0.380988,
0.580851,
0.877053,
0.464951,
0.731285,
0.604185,
0.53083,
0.479943,
0.370358,
0.421897,
0.314522,
0.410454,
0.588587,
0.347189,
0.426395,
0.323351,
0.259552,
0.511923,
0.479408,
0.662042,
0.568642,
0.817454,
0.746978,
0.572132,
0.635622,
0.595036,
0.650726,
0.466808,
0.391619,
0.570481,
0.501017,
0.487549,
0.526174,
0.4902,
0.6716,
0.40722,
0.501934,
0.50597,
0.391154,
0.464465,
0.371737,
0.437924,
0.282062,
0.334006,
0.463588,
0.0743286,
0.103843,
0.138726,
0.183871,
0.181891,
0.181551,
0.116333,
0.227291,
0.353329,
0.343388,
0.323179,
0.237665,
0.24817,
0.249662,
0.194345,
0.23202,
0.355359,
0.308517,
0.255773,
0.157131,
0.155363,
0.223472,
0.0426863,
0.173425,
0.251582,
0.25841,
0.188932,
0.262586,
0.15329,
0.176092,
0.194337,
0.147988,
0.127378,
0.130693,
0.126361,
0.12677,
0.121557,
0.268618,
0.118426,
0.220011,
0.248887,
0.250845,
0.299805,
0.253766,
0.185293,
0.257729,
0.200977,
0.287106,
0.249488,
0.224081,
0.344722,
0.336191,
0.306066,
0.313234,
0.243391,
0.329519,
0.337531,
0.282814,
0.204775,
0.212108,
0.263121,
0.357156,
0.315598,
0.284879,
0.300224,
0.271066,
0.297639,
0.324246,
0.384298,
0.454155,
0.290629,
0.259635,
0.251704,
0.263285,
0.30787,
0.356165,
0.245989,
0.215086,
0.201519,
0.400777,
0.355215,
0.443683,
0.271477,
0.366316,
0.434259,
0.441149,
0.344096,
0.349328,
0.342947,
0.274667,
0.362789,
0.256086,
0.280541,
0.318776,
0.28604,
0.208867,
0.242405,
0.274675,
0.266642,
0.332395,
0.250751,
0.282574,
0.234478,
0.246881,
0.245546,
0.265704,
0.226011,
0.286783,
0.317859,
0.310811,
0.287627,
0.316725,
0.281548,
0.325266,
0.294667,
0.301956,
0.235351,
0.323498,
0.274251,
0.312072,
0.256075,
0.224646,
0.293905,
0.271714,
0.258383,
0.244947,
0.254311,
0.171088,
0.230411,
0.210537,
0.187207,
0.263038,
0.175201,
0.363118,
0.164028,
0.158392,
0.324826,
0.289392,
0.316924,
0.22913,
0.248205,
0.246406,
0.324758,
0.24505,
0.287483,
0.20391,
0.252172,
0.326688,
0.435866,
0.318339,
0.293528,
0.444285,
0.870995,
0.448278,
0.57217,
0.195426,
0.298778,
0.249539,
0.433815,
0.270075,
0.127965,
0.178719,
0.168029,
0.183348,
0.175786,
0.189669,
0.175478,
0.120887,
0.140339,
0.115413,
0.12177,
0.164829,
0.140169,
0.320511,
0.244608,
0.179476,
0.106431,
0.131919,
0.247236,
0.170452,
0.173495,
0.164168,
0.228377,
0.13528,
0.153506,
0.128978,
0.179383,
0.698314,
0.453755,
0.179691,
0.221188,
0.193135,
0.186159,
0.180021,
0.265207,
0.361112,
0.16917,
0.214558,
0.233152,
0.370503,
0.413684,
0.309662,
0.312303,
0.188829,
0.16726,
0.174255,
0.19884,
0.138755,
0.273505,
0.340978,
0.170714,
0.214644,
0.42925,
0.215047,
0.320657,
0.232888,
0.270292,
0.302092,
0.217317,
0.168202,
0.177821,
0.238106,
0.168006,
0.107685,
0.159502,
0.109555,
0.13307,
0.149385,
0.143131,
0.173874,
0.208328,
0.177469,
0.281973,
0.239373,
0.215505,
0.213396,
0.0689106,
0.191029,
0.218414,
0.147402,
0.141969,
0.215039,
0.244895,
0.194469,
0.214361,
0.21196,
0.248471,
0.225703,
0.2088,
0.273065,
0.271719,
0.205533,
0.397907,
0.322487,
0.327224,
0.293835,
0.348284,
0.305927,
0.283319,
0.261816,
0.249725,
0.206481,
0.238436,
0.236281,
0.283239,
0.28224,
0.268802,
0.270501,
0.306658,
0.301991,
0.229736,
0.290379,
0.251149,
0.277979,
0.262265,
0.243306,
0.239782,
0.34886,
0.206641,
0.166826,
0.257625,
0.241694,
0.220419,
0.215626,
0.285255,
0.300795,
0.205161,
0.234216,
0.334673,
0.316095,
0.226585,
0.312315,
0.284591,
0.296632,
0.282581,
0.283096,
0.254387,
0.195738,
0.271013,
0.510452,
0.40809,
0.292715,
0.331307,
0.373455,
0.369782,
0.28022,
0.432462,
0.274692,
0.318036,
0.311072,
0.273378,
0.252456,
0.344679,
0.35869,
0.518451,
0.441178,
0.417422,
0.357791,
0.325959,
0.323298,
0.426759,
0.297415,
0.299921,
0.304942,
0.365572,
0.289272,
0.256684,
0.28906,
0.293112,
0.290704,
0.315098,
0.238305,
0.21645,
0.186487,
0.300268,
0.201049,
0.316175,
0.357923,
0.33331,
0.38676,
0.300472,
0.27046,
0.232834,
0.244485,
0.276147,
0.349935,
0.281846,
0.373794,
0.240632,
0.237275,
0.224584,
0.256519,
0.202675,
0.294146,
0.289345,
0.280983,
0.27787,
0.247811,
0.254696,
0.275965,
0.242146,
0.20754,
0.283298,
0.273103,
0.24986,
0.26589,
0.147386,
0.151672,
0.186622,
0.151493,
0.249402,
0.355304,
0.276103,
0.211983,
0.313477,
0.360771,
0.292095,
0.317549,
0.323329,
0.180818,
0.281922,
0.178156,
0.182018,
0.153674,
0.228169,
0.231556,
0.196178,
0.213827,
0.191492,
0.30782,
0.163749,
0.309319,
0.334555,
0.275255,
0.23701,
0.226047,
0.204096,
0.191714,
0.282125,
0.239728,
0.188859,
0.133599,
0.175272,
0.227095,
0.331311,
0.358505,
0.344788,
0.261137,
0.539681,
0.259926,
0.265689,
0.286651,
0.226456,
0.243918,
0.353282,
0.165325,
0.341976,
0.295193,
0.45167,
0.288648,
0.421182,
0.341427,
0.405346,
0.511153,
0.334974,
0.241881,
0.29442,
0.203223,
0.151078,
0.189664,
0.405751,
0.355399,
0.127272,
0.149592,
0.244155,
0.222087,
0.312209,
0.242782,
0.239162,
0.279716,
0.242117,
0.241599,
0.227915,
0.220025,
0.23,
0.149575,
0.141012,
0.171684,
0.246579,
0.209085,
0.21553,
0.236362,
0.212995,
0.174655,
0.360303,
0.386434,
0.289981,
0.264123,
0.283982,
0.317201,
0.251645,
0.292591,
0.187441,
0.205133,
0.237218,
0.250135,
0.296496,
0.859063,
0.798646,
0.56897,
0.465047,
0.393278,
0.372501,
0.473652,
0.476004,
0.445396,
0.421519,
0.433481,
0.432128,
0.557159,
0.395355,
0.328191,
0.503907,
0.418978,
0.587553,
0.455561,
0.901601,
0.3062,
0.331886,
0.376918,
0.291685,
0.31272,
0.27536,
0.28917,
0.278045,
0.293635,
0.290346,
0.30945,
0.376213,
0.346757,
0.329462,
0.41615,
0.399543,
0.373183,
0.340103,
0.459461,
0.389926,
0.321148,
0.347987,
0.307821,
0.356883,
0.340099,
0.308478,
0.323159,
0.395446,
0.283392,
0.436034,
0.316339,
0.380123,
0.360293,
0.423112,
0.526627,
0.355477,
0.400689,
0.319096,
0.305364,
0.271992,
0.270144,
0.259737,
0.279772,
0.289753,
0.259467,
0.213071,
0.254568,
0.614782,
0.558509,
0.378469,
0.254422,
0.310823,
0.341263,
0.30518,
0.365444,
0.650116,
0.345344,
0.388831,
0.413624,
0.294571,
0.424548,
0.413631,
0.426235,
0.761337,
0.902679,
0.594738,
0.501908,
0.44016,
0.429352,
0.692975,
0.732961,
0.475869,
0.427533,
0.416867,
0.419897,
0.46167,
0.49447,
0.463724,
0.422592,
0.498467,
0.399936,
0.502185,
0.864269,
0.598477,
0.602351,
0.591765,
0.747593,
0.49609,
0.52041,
0.481853,
0.48654,
0.394985,
0.377875,
0.363347,
0.399305,
0.427416,
0.404109,
0.405721,
0.483966,
0.439567,
0.404838,
0.506218,
0.354874,
0.439712,
0.511484,
0.445449,
0.426757,
0.381431,
0.434877,
0.417434,
0.249444,
0.302952,
0.30567,
0.409605,
0.451973,
0.522704,
0.343714,
0.442789,
0.540934,
0.256538,
0.417673,
0.375061,
0.375872,
0.222696,
0.248748,
0.502103,
0.528097,
0.64542,
0.516302,
0.442904,
0.45639,
0.539169,
0.46061,
0.503575,
0.521332,
0.41798,
0.502677,
0.691302,
0.537551,
0.455941,
0.438577,
0.379007,
0.469417,
0.360036,
0.33454,
0.29867,
0.29301,
0.447905,
0.208249,
0.45452,
0.675698,
0.346062,
0.349144,
0.29831,
0.290333,
0.354954,
0.621343,
0.357909,
0.406647,
0.39,
0.484839,
0.392715,
0.358756,
0.60907,
0.463249,
0.416798,
0.493248,
0.398433,
0.697305,
0.36383,
0.306026,
0.332185,
0.332863,
0.41097,
0.404285,
0.347217,
0.353222,
0.411163,
0.475778,
0.488796,
0.430551,
0.540247,
0.465653,
0.291256,
0.674425,
0.51793,
0.420334,
0.298351,
0.355135,
0.350873,
0.499692,
0.352968,
0.356311,
0.37398,
0.315741,
0.396089,
0.372533,
0.510459,
0.305912,
0.39041,
0.513848,
0.339295,
0.43777,
0.564147,
0.502911,
0.442845,
0.528817,
0.318349,
0.528104,
0.471283,
0.472433,
0.478203,
0.995969,
0.768396,
0.635476,
0.671592,
1.01552,
0.549117,
0.569199,
0.462989,
0.3995,
0.474073,
0.404528,
0.275466,
0.409049,
0.469241,
0.435472,
0.361646,
0.351525,
0.46829,
0.281673,
0.36031,
0.486139,
0.368325,
0.34465,
0.347456,
0.496915,
0.330069,
0.388434,
0.323175,
0.308242,
0.27064,
0.262693,
0.357393,
0.364322,
0.316524,
0.382941,
0.330718,
0.295567,
0.372495,
0.261051,
0.420065,
0.31218,
0.416976,
0.311981,
0.348556,
0.383456,
0.369964,
0.31248,
0.267913,
0.341548,
0.534133,
0.518535,
0.448907,
0.594622,
0.36582,
0.414475,
0.331047,
0.369028,
0.31578,
0.28415,
0.312877,
0.502357,
0.352224,
0.411617,
0.300674,
0.31506,
0.316731,
0.46322,
0.313954,
0.281995,
0.234331,
0.270138,
0.222583,
0.274096,
0.275905,
0.251837,
0.462951,
0.531438,
0.85021,
0.954691,
0.547236,
0.406365,
0.722937,
0.666794,
0.568531,
0.851261,
0.579223,
0.920225,
0.699778,
0.871822,
0.853436,
0.753138,
0.942686,
0.826933,
0.979887,
0.551154,
0.567438,
0.321725,
0.668274,
0.278807,
0.330914,
0.290589,
0.436753,
0.410153,
0.510664,
0.698308,
0.640727,
0.436915,
0.335706,
0.517187,
0.213367,
0.341654,
0.396504,
0.267128,
0.462179,
0.769804,
0.344012,
0.601028,
0.64452,
0.518025,
0.66656,
0.565135,
0.655415,
0.534144,
0.802014,
0.328886,
0.356445,
0.426605,
0.318365,
0.237561,
0.322221,
0.221444,
0.290621,
0.473506,
0.465562,
0.424759,
0.441696,
0.473274,
0.423953,
0.381052,
0.451129,
0.519558,
0.484914,
0.3153,
0.482481,
0.495463,
0.557286,
0.638194,
0.553187,
0.589136,
0.595747,
0.574534,
0.83617,
0.522957,
0.495394,
0.582286,
0.35417,
0.576742,
0.749465,
0.481042,
0.587369,
0.466119,
0.484121,
0.547841,
0.543127,
0.597642,
0.701784,
0.550236,
0.544634,
0.509183,
0.412757,
0.440341,
0.469668,
0.996317,
0.501907,
0.522794,
0.503044,
0.481743,
0.494041,
0.389974,
0.444726,
0.651193,
1.03637,
0.547436,
0.596529,
0.464035,
0.197777,
0.126632,
0.0994001,
0.184188,
0.169725,
0.228241,
0.233435,
0.11875,
0.125661,
0.194238,
0.275362,
0.282986,
0.175011,
0.2342,
0.194271,
0.20262,
0.17937,
0.153538,
0.158931,
0.165875,
0.183926,
0.152954,
0.190824,
0.363039,
0.294483,
0.197895,
0.485762,
0.182337,
0.318117,
0.313564,
0.299859,
0.330108,
0.28443,
0.220063,
0.201866,
0.249744,
0.250167,
0.249796,
0.2235,
0.174054,
0.252716,
0.257241,
0.209124,
0.369127,
0.211484,
0.224577,
0.243142,
0.246216,
0.239234,
0.218296,
0.257901,
0.183105,
0.339784,
0.278838,
0.192073,
0.1822,
0.231356,
0.267142,
0.238446,
0.218516,
0.228032,
0.282988,
0.232221,
0.258531,
0.194194,
0.345016,
0.284991,
0.158631,
0.251746,
0.295049,
0.346347,
0.287932,
0.245772,
0.154011,
0.264831,
0.269234,
0.280652,
0.26467,
0.359851,
0.323791,
0.280953,
0.325844,
0.368046,
0.400883,
0.307987,
0.235678,
0.323192,
0.470787,
0.443942,
0.34776,
0.547788,
0.474019,
0.717,
0.489472,
0.370458,
0.39125,
0.477113,
0.479691,
0.468468,
0.650734,
0.621487,
0.538096,
0.51041,
0.552021,
0.51728,
0.487647,
0.390458,
0.459014,
0.557742,
0.487354,
0.467767,
0.436242,
0.36472,
0.656437,
0.518292,
0.434494,
0.364707,
0.38212,
0.47174,
0.586188,
0.493252,
0.444342,
0.359738,
0.49466,
0.425367,
0.607346,
0.559763,
0.504243,
0.697018,
0.475102,
0.55707,
0.504579,
0.317236,
0.670739,
0.701212,
0.499645,
0.722614,
0.510603,
0.671732,
0.595263,
0.598911,
0.957252,
0.997102,
0.914121,
0.357971,
0.470525,
0.604713,
0.468161,
0.483948,
0.785538,
0.690601,
0.710139,
0.719035,
0.56578,
0.508995,
0.586903,
0.64602,
0.641508,
0.703399,
0.456098,
0.323089,
0.349994,
0.300277,
0.79726,
0.420423,
0.396975,
0.280982,
0.267977,
0.379895,
0.480688,
0.817931,
0.626609,
1.01418,
0.683811,
0.376501,
0.434767,
0.259898,
0.288384,
0.277728,
0.546521,
0.622595,
0.880699,
0.832889,
0.730523,
1.01182,
0.984276,
1.00522,
0.704154,
0.604611,
0.75648,
0.818455,
0.789103,
0.406367,
0.760148,
0.566922,
0.51372,
0.453376,
0.969809,
0.992078,
0.786038,
0.621569,
0.553166,
0.502707,
0.846304,
0.5739,
0.7717,
0.412256,
0.591745,
0.443447,
0.388799,
0.70004,
0.446958,
0.643007,
0.557658,
0.433294,
0.621606,
0.711104,
0.695886,
1.09488,
0.52518,
0.696015,
0.478514,
0.669412,
0.683728,
0.676558,
0.424332,
0.612401,
0.367557,
0.590636,
0.497704,
0.576721,
0.42208,
0.188345,
0.463769,
0.528657,
0.500202,
0.539062,
0.564428,
0.648813,
0.515883,
0.169595,
0.565092,
0.551159,
0.8101,
0.918638,
0.663973,
0.371883,
0.823299,
0.49831,
0.648475,
1.01622,
0.595523,
0.543604,
0.575014,
0.309516,
0.361314,
0.355733,
0.359027,
0.286665,
0.723912,
0.697705,
0.673751,
0.29959,
0.306925,
0.322744,
0.4004,
0.379285,
0.365039,
0.239862,
0.348293,
0.48649,
0.496969,
0.482785,
0.464992,
0.656413,
0.469619,
0.391553,
0.565252,
0.67103,
0.718065,
0.359918,
0.472316,
0.618347,
0.501201,
0.570264,
0.578451,
0.487985,
0.323628,
0.537993,
0.423612,
0.459543,
0.574249,
0.355278,
0.229634,
0.362224,
0.35975,
0.382586,
0.340769,
0.373337,
0.409306,
0.49666,
0.520491,
0.415682,
0.411193,
0.390104,
0.510838,
0.355669,
0.295112,
0.347748,
0.30674,
0.208103,
0.38118,
0.342002,
0.70099,
0.472011,
0.677128,
0.569312,
0.460154,
0.642804,
0.511574,
0.200226,
0.549026,
0.501371,
0.46841,
0.45286,
0.60325,
0.474737,
0.869411,
1.01463,
0.538753,
0.570013,
0.579751,
0.42712,
0.400796,
0.384584,
0.516245,
0.449965,
0.477853,
0.422791,
0.393113,
0.589031,
0.467904,
0.203581,
0.41997,
0.524088,
0.571854,
0.483511,
0.363708,
0.472428,
0.553095,
0.623329,
0.691089,
0.62032,
0.567785,
0.394193,
0.479491,
0.696706,
0.446145,
0.612231,
0.495518,
0.709236,
0.668271,
0.484745,
0.643026,
0.488981,
0.894606,
0.966566,
0.884441,
0.94972,
0.918628,
0.95997,
0.533517,
0.936406,
0.608193,
0.594443,
0.679829,
0.674115,
0.678201,
0.809027,
0.678145,
0.693678,
0.697705,
0.682949,
0.434724,
0.691698,
0.612602,
0.435794,
0.581112,
0.471038,
0.472764,
0.487362,
0.388905,
0.556954,
0.57605,
0.463815,
0.585545,
0.400519,
0.473816,
0.53832,
0.617785,
0.50988,
0.739709,
0.474162,
0.433086,
0.454358,
0.441324,
0.612516,
0.550249,
0.608444,
0.860545,
0.755154,
0.517157,
0.592623,
0.691894,
0.622287,
0.566303,
0.723999,
0.709726,
0.808231,
0.979011,
0.903196,
0.966961,
0.490813,
0.928991,
0.950441,
0.59236,
0.676066,
0.751637,
0.892485,
0.647385,
0.787923,
0.615316,
0.805703,
0.470666,
0.605814,
0.457584,
0.449035,
0.669065,
0.427239,
0.458089,
0.465051,
0.362439,
0.444412,
0.586148,
0.470101,
0.469944,
0.527596,
0.762341,
0.375293,
0.363381,
0.497359,
0.376623,
0.476562,
0.382876,
0.466774,
0.306619,
0.52905,
0.456686,
0.566043,
0.443533,
0.467663,
0.427716,
0.449189,
0.571546,
0.436227,
0.364878,
0.549,
0.645259,
0.593797,
0.271161,
0.319609,
0.361587,
0.46748,
0.581896,
0.725839,
0.5366,
0.477591,
0.610513,
0.618548,
0.606339,
0.562327,
0.649636,
0.621623,
0.551045,
0.667937,
0.506364,
0.490739,
0.493752,
0.592927,
0.367487,
0.558127,
0.531485,
0.542273,
0.346359,
0.460469,
0.386295,
0.37781,
0.108857,
0.165392,
0.0900748,
0.126205,
0.187125,
0.238677,
0.195303,
0.174377,
0.127054,
0.15743,
0.185929,
0.125603,
0.124384,
0.201917,
0.166297,
0.214519,
0.249182,
0.160972,
0.192776,
0.16227,
0.0943403,
0.10818,
0.109628,
0.131874,
0.0499831,
0.106828,
0.107398,
0.131641,
0.0851679,
0.258198,
0.330271,
0.239723,
0.337007,
0.351681,
0.336035,
0.439953,
0.429533,
0.360714,
0.371817,
0.313165,
0.368323,
0.345565,
0.495491,
0.384595,
0.350468,
0.232978,
0.225242,
0.278817,
0.279479,
0.281871,
0.29101,
0.285939,
0.287876,
0.342531,
0.442494,
0.253932,
0.360518,
0.317412,
0.308269,
0.304046,
0.342853,
0.315274,
0.313211,
0.302538,
0.407063,
0.400604,
0.447965,
0.253684,
0.202469,
0.281019,
0.330346,
0.351124,
0.422635,
0.456248,
0.366721,
0.334184,
0.512481,
0.334905,
0.375018,
0.402522,
0.446737,
0.289693,
0.377817,
0.403242,
0.392138,
0.362868,
0.271857,
0.455156,
0.321807,
0.401421,
0.347984,
0.388913,
0.364647,
0.41784,
0.367751,
0.316153,
0.393196,
0.393989,
0.378831,
0.320784,
0.232682,
0.237689,
0.251838,
0.293796,
0.350566,
0.271794,
0.295392,
0.304094,
0.477545,
0.573063,
0.309792,
0.319881,
0.326707,
0.373272,
0.438735,
0.160589,
0.370794,
0.42239,
0.267554,
0.383086,
0.279854,
0.287356,
0.312051,
0.351656,
0.431704,
0.43416,
0.450927,
0.427938,
0.479419,
0.456576,
0.387367,
0.425246,
0.323611,
0.403313,
0.353326,
0.274352,
0.338146,
0.343284,
0.322605,
0.349065,
0.277208,
0.315572,
0.388597,
0.24882,
0.108731,
0.18795,
0.219717,
0.227135,
0.199856,
0.305286,
0.383275,
0.651801,
0.230834,
0.203382,
0.269337,
0.260255,
0.489108,
0.156222,
0.205244,
0.202907,
0.279498,
0.278477,
0.266131,
0.311597,
0.168863,
0.263481,
0.28899,
0.258697,
0.278355,
0.235455,
0.225656,
0.173024,
0.151921,
0.144173,
0.139427,
0.232019,
0.144637,
0.16533,
0.166382,
0.261892,
0.284269,
0.132275,
0.222088,
0.167957,
0.206378,
0.279714,
0.1791,
0.253749,
0.231054,
0.323963,
0.278283,
0.202501,
0.241987,
0.193407,
0.175731,
0.232695,
0.301745,
0.203321,
0.249757,
0.149373,
0.247734,
0.197533,
0.225036,
0.243936,
0.259858,
0.261911,
0.203593,
0.125376,
0.144967,
0.30549,
0.250483,
0.250631,
0.204464,
0.297233,
0.186808,
0.113381,
0.166013,
0.237299,
0.258482,
0.201792,
0.250844,
0.260099,
0.223249,
0.224869,
0.120068,
0.171414,
0.110585,
0.152277,
0.185129,
0.198946,
0.175037,
0.185927,
0.190468,
0.10406,
0.18041,
0.137171,
0.155868,
0.134514,
0.141566,
0.114972,
0.17684,
0.16348,
0.173206,
0.170113,
0.130335,
0.144718,
0.17648,
0.0800035,
0.261256,
0.240457,
0.190313,
0.19753,
0.203336,
0.14259,
0.183003,
0.158265,
0.124864,
0.215805,
0.132902,
0.182848,
0.131664,
0.177053,
0.144199,
0.192212,
0.284234,
0.227573,
0.246637,
0.277965,
0.211572,
0.27517,
0.209309,
0.283754,
0.305433,
0.322003,
0.201806,
0.186303,
0.271896,
0.144376,
0.28387,
0.242582,
0.198578,
0.130022,
0.307575,
0.21513,
0.201124,
0.246301,
0.177458,
0.219207,
0.155674,
0.228136,
0.158987,
0.220951,
0.224072,
0.182278,
0.182195,
0.192392,
0.226955,
0.269536,
0.209288,
0.177426,
0.242103,
0.180386,
0.237582,
0.238093,
0.234815,
0.210445,
0.226353,
0.266914,
0.160541,
0.200336,
0.225006,
0.320567,
0.449178,
0.296429,
0.386468,
0.363694,
0.4022,
0.424763,
0.524119,
0.407743,
0.404599,
0.558116,
0.491541,
0.615645,
0.478804,
0.449231,
0.48809,
0.790856,
0.693452,
0.437255,
0.564139,
0.855488,
0.464448,
0.520307,
0.527876,
0.352216,
0.401184,
0.300201,
0.340879,
0.376974,
0.365168,
0.414597,
0.526037,
0.216518,
0.550669,
0.282879,
0.410546,
0.40934,
0.303963,
0.497391,
0.60797,
0.598344,
0.501299,
0.588395,
0.473741,
0.461077,
0.545349,
0.350119,
0.628012,
0.671474,
0.565282,
0.610087,
0.912628,
0.558263,
0.58807,
0.556051,
0.428033,
0.557622,
0.440971,
0.683794,
0.833171,
0.411491,
0.736851,
0.665352,
0.928619,
0.70031,
0.567157,
0.510437,
0.4945,
0.691275,
0.505828,
0.502833,
0.348681,
0.525861,
0.440774,
0.516166,
0.494235,
0.707873,
0.409665,
0.499517,
0.49613,
0.587385,
0.360647,
0.218755,
0.295049,
0.341928,
0.393967,
0.183753,
0.275244,
0.337716,
0.311319,
0.208303,
0.190841,
0.239855,
0.248141,
0.221915,
0.235955,
0.189345,
0.26368,
0.244744,
0.227944,
0.210069,
0.192646,
0.135,
0.160181,
0.15908,
0.149488,
0.121203,
0.168057,
0.160507,
0.215829,
0.106982,
0.19913,
0.142955,
0.172699,
